manager_name,transfermarkt_manager_id,club,role,appointed_date,in_charge_until,days_in_charge,matches,wins,draws,losses,players_used,avg_goals,ppm,games_ppg,assistant_manager_of,profile_url,scraped_at
Pep Guardiola,5672,Man City Manager,16/17 (01/07/2016),30/06/2027,01/07/2016,579,414,74,91,111,2.48 : 0.94,2.27,579 / 2.27,,,https://www.transfermarkt.com/pep-guardiola/profil/trainer/5672,2026-03-13T14:51:33.632466+00:00
Pep Guardiola,5672,Bayern Munich Manager,13/14 (01/07/2013),30/06/2016,01/07/2013,161,124,16,21,44,2.57 : 0.80,2.41,161 / 2.41,,,https://www.transfermarkt.com/pep-guardiola/profil/trainer/5672,2026-03-13T14:51:33.632466+00:00
Pep Guardiola,5672,Barcelona Manager,08/09 (01/07/2008),30/06/2012,01/07/2008,247,179,47,21,57,2.58 : 0.73,2.36,247 / 2.36,,,https://www.transfermarkt.com/pep-guardiola/profil/trainer/5672,2026-03-13T14:51:33.632466+00:00
Pep Guardiola,5672,Barcelona B Manager,07/08 (01/07/2007),30/06/2008,01/07/2007,-,-,-,-,-,0.00 : 0.00,0.00,-,,,https://www.transfermarkt.com/pep-guardiola/profil/trainer/5672,2026-03-13T14:51:33.632466+00:00
Mikel Arteta,47620,Arsenal Manager,19/20 (22/12/2019),30/06/2027,22/12/2019,336,208,58,70,85,2.01 : 1.02,2.03,336 / 2.03,,,https://www.transfermarkt.com/mikel-arteta/profil/trainer/47620,2026-03-13T14:51:39.005604+00:00
Mikel Arteta,47620,Man City Assistant Manager,16/17 (01/07/2016),20/12/2019,01/07/2016,-,-,-,-,-,0.00 : 0.00,0.00,-,,Pep Guardiola (201 Games),https://www.transfermarkt.com/mikel-arteta/profil/trainer/47620,2026-03-13T14:51:39.005604+00:00
Marco Silva,19631,Fulham Manager,21/22 (01/07/2021),30/06/2026,01/07/2021,220,101,39,80,70,1.79 : 1.48,1.55,220 / 1.55,,,https://www.transfermarkt.com/marco-silva/profil/trainer/19631,2026-03-13T14:51:47.344204+00:00
Marco Silva,19631,Everton Manager,18/19 (01/07/2018),05/12/2019,01/07/2018,60,24,11,25,31,1.48 : 1.42,1.38,60 / 1.38,,,https://www.transfermarkt.com/marco-silva/profil/trainer/19631,2026-03-13T14:51:47.344204+00:00
Marco Silva,19631,Watford Manager,17/18 (01/07/2017),21/01/2018,01/07/2017,26,8,5,13,28,1.46 : 1.81,1.12,26 / 1.12,,,https://www.transfermarkt.com/marco-silva/profil/trainer/19631,2026-03-13T14:51:47.344204+00:00
Marco Silva,19631,Hull City Manager,16/17 (05/01/2017),30/06/2017,05/01/2017,22,8,3,11,28,1.14 : 1.95,1.23,22 / 1.23,,,https://www.transfermarkt.com/marco-silva/profil/trainer/19631,2026-03-13T14:51:47.344204+00:00
Marco Silva,19631,Olympiacos Manager,15/16 (07/07/2015),23/06/2016,07/07/2015,48,38,3,7,36,2.48 : 0.81,2.44,48 / 2.44,,,https://www.transfermarkt.com/marco-silva/profil/trainer/19631,2026-03-13T14:51:47.344204+00:00
Marco Silva,19631,Sporting Manager,13/14 (21/05/2014),04/06/2015,21/05/2014,53,32,14,7,36,2.04 : 1.04,2.08,53 / 2.08,,,https://www.transfermarkt.com/marco-silva/profil/trainer/19631,2026-03-13T14:51:47.344204+00:00
Marco Silva,19631,Estoril Manager,11/12 (28/09/2011),20/05/2014,28/09/2011,116,54,30,32,55,1.46 : 1.02,1.66,116 / 1.66,,,https://www.transfermarkt.com/marco-silva/profil/trainer/19631,2026-03-13T14:51:47.344204+00:00
Marco Silva,19631,Estoril Director of Football,11/12 (01/07/2011),27/09/2011,01/07/2011,-,-,-,-,-,0.00 : 0.00,0.00,-,,,https://www.transfermarkt.com/marco-silva/profil/trainer/19631,2026-03-13T14:51:47.344204+00:00
Eddie Howe,10976,Newcastle Manager,21/22 (08/11/2021),-,08/11/2021,221,113,42,66,56,1.83 : 1.32,1.72,221 / 1.72,,,https://www.transfermarkt.com/eddie-howe/profil/trainer/10976,2026-03-13T14:51:53.975708+00:00
Eddie Howe,10976,Bournemouth Manager,12/13 (14/10/2012),01/08/2020,14/10/2012,355,144,75,136,88,1.52 : 1.48,1.43,355 / 1.43,,,https://www.transfermarkt.com/eddie-howe/profil/trainer/10976,2026-03-13T14:51:53.975708+00:00
Eddie Howe,10976,Burnley Manager,10/11 (16/01/2011),12/10/2012,16/01/2011,86,35,17,34,45,1.52 : 1.52,1.42,86 / 1.42,,,https://www.transfermarkt.com/eddie-howe/profil/trainer/10976,2026-03-13T14:51:53.975708+00:00
Eddie Howe,10976,Bournemouth Manager,08/09 (31/12/2008),15/01/2011,31/12/2008,102,51,17,34,38,1.50 : 1.07,1.67,102 / 1.67,,,https://www.transfermarkt.com/eddie-howe/profil/trainer/10976,2026-03-13T14:51:53.975708+00:00
Eddie Howe,10976,Bournemouth Youth Coach,06/07 (01/12/2006),30/12/2008,01/12/2006,-,-,-,-,-,0.00 : 0.00,0.00,-,,,https://www.transfermarkt.com/eddie-howe/profil/trainer/10976,2026-03-13T14:51:53.975708+00:00
Unai Emery,5075,Aston Villa Manager,22/23 (01/11/2022),30/06/2029,01/11/2022,181,100,32,49,66,1.70 : 1.31,1.83,181 / 1.83,,,https://www.transfermarkt.com/unai-emery/profil/trainer/5075,2026-03-13T14:52:02.291145+00:00
Unai Emery,5075,Real Unión Owner,20/21 (04/06/2021),-,04/06/2021,-,-,-,-,-,0.00 : 0.00,0.00,-,,,https://www.transfermarkt.com/unai-emery/profil/trainer/5075,2026-03-13T14:52:02.291145+00:00
Unai Emery,5075,Villarreal Manager,20/21 (23/07/2020),25/10/2022,23/07/2020,129,66,32,31,46,1.95 : 1.09,1.78,129 / 1.78,,,https://www.transfermarkt.com/unai-emery/profil/trainer/5075,2026-03-13T14:52:02.291145+00:00
Unai Emery,5075,Arsenal Manager,18/19 (01/07/2018),29/11/2019,01/07/2018,78,43,15,20,40,2.00 : 1.35,1.85,78 / 1.85,,,https://www.transfermarkt.com/unai-emery/profil/trainer/5075,2026-03-13T14:52:02.291145+00:00
Unai Emery,5075,PSG Manager,16/17 (01/07/2016),30/06/2018,01/07/2016,114,87,15,12,39,2.74 : 0.81,2.42,114 / 2.42,,,https://www.transfermarkt.com/unai-emery/profil/trainer/5075,2026-03-13T14:52:02.291145+00:00
Unai Emery,5075,Sevilla FC Manager,12/13 (14/01/2013),30/06/2016,14/01/2013,205,107,43,55,74,1.87 : 1.24,1.78,205 / 1.78,,,https://www.transfermarkt.com/unai-emery/profil/trainer/5075,2026-03-13T14:52:02.291145+00:00
Unai Emery,5075,Spartak Moscow Manager,12/13 (01/07/2012),25/11/2012,01/07/2012,26,12,3,11,30,1.73 : 1.69,1.50,26 / 1.50,,,https://www.transfermarkt.com/unai-emery/profil/trainer/5075,2026-03-13T14:52:02.291145+00:00
Unai Emery,5075,Valencia Manager,08/09 (01/07/2008),30/06/2012,01/07/2008,220,107,58,55,63,1.75 : 1.19,1.72,220 / 1.72,,,https://www.transfermarkt.com/unai-emery/profil/trainer/5075,2026-03-13T14:52:02.291145+00:00
Unai Emery,5075,UD Almería Manager,06/07 (01/07/2006),30/06/2008,01/07/2006,84,39,19,26,37,1.44 : 1.21,1.62,84 / 1.62,,,https://www.transfermarkt.com/unai-emery/profil/trainer/5075,2026-03-13T14:52:02.291145+00:00
Unai Emery,5075,Lorca Deportiva Manager,04/05 (21/12/2004),30/06/2006,21/12/2004,24,8,6,10,36,1.17 : 1.25,1.25,24 / 1.25,,,https://www.transfermarkt.com/unai-emery/profil/trainer/5075,2026-03-13T14:52:02.291145+00:00
Andoni Iraola,60677,Bournemouth Manager,23/24 (01/07/2023),30/06/2026,01/07/2023,118,44,33,41,52,1.64 : 1.58,1.40,118 / 1.40,,,https://www.transfermarkt.com/andoni-iraola/profil/trainer/60677,2026-03-13T14:52:13.843377+00:00
Andoni Iraola,60677,Rayo Vallecano Manager,20/21 (06/08/2020),30/06/2023,06/08/2020,136,56,30,50,50,1.27 : 1.21,1.46,136 / 1.46,,,https://www.transfermarkt.com/andoni-iraola/profil/trainer/60677,2026-03-13T14:52:13.843377+00:00
Andoni Iraola,60677,CD Mirandés Manager,19/20 (10/07/2019),21/07/2020,10/07/2019,49,18,17,14,27,1.49 : 1.47,1.45,49 / 1.45,,,https://www.transfermarkt.com/andoni-iraola/profil/trainer/60677,2026-03-13T14:52:13.843377+00:00
Andoni Iraola,60677,AEK Larnaca Manager,18/19 (01/06/2018),14/01/2019,01/06/2018,29,13,8,8,25,1.66 : 1.00,1.62,29 / 1.62,,,https://www.transfermarkt.com/andoni-iraola/profil/trainer/60677,2026-03-13T14:52:13.843377+00:00
Daniel Farke,10939,Leeds Manager,23/24 (04/07/2023),30/06/2027,04/07/2023,137,71,34,32,59,1.83 : 1.10,1.80,137 / 1.80,,,https://www.transfermarkt.com/daniel-farke/profil/trainer/10939,2026-03-13T14:52:19.569404+00:00
Daniel Farke,10939,Mönchengladbach Manager,22/23 (01/07/2022),02/06/2023,01/07/2022,36,12,10,14,28,1.72 : 1.61,1.28,36 / 1.28,,,https://www.transfermarkt.com/daniel-farke/profil/trainer/10939,2026-03-13T14:52:19.569404+00:00
Daniel Farke,10939,Krasnodar Manager,21/22 (13/01/2022),02/03/2022,13/01/2022,-,-,-,-,-,0.00 : 0.00,0.00,-,,,https://www.transfermarkt.com/daniel-farke/profil/trainer/10939,2026-03-13T14:52:19.569404+00:00
Daniel Farke,10939,Norwich Manager,17/18 (01/07/2017),06/11/2021,01/07/2017,208,88,47,73,75,1.41 : 1.39,1.50,208 / 1.50,,,https://www.transfermarkt.com/daniel-farke/profil/trainer/10939,2026-03-13T14:52:19.569404+00:00
Daniel Farke,10939,B. Dortmund II Manager,15/16 (03/11/2015),30/06/2017,03/11/2015,56,29,21,6,38,1.75 : 0.77,1.93,56 / 1.93,,,https://www.transfermarkt.com/daniel-farke/profil/trainer/10939,2026-03-13T14:52:19.569404+00:00
Daniel Farke,10939,SV Lippstadt 08 Manager,08/09 (15/04/2009),30/06/2015,15/04/2009,146,72,36,38,52,1.95 : 1.23,1.73,146 / 1.73,,,https://www.transfermarkt.com/daniel-farke/profil/trainer/10939,2026-03-13T14:52:19.569404+00:00
Daniel Farke,10939,SV Lippstadt 08 Sporting Director,08/09 (15/04/2009),30/06/2015,15/04/2009,-,-,-,-,-,0.00 : 0.00,0.00,-,,,https://www.transfermarkt.com/daniel-farke/profil/trainer/10939,2026-03-13T14:52:19.569404+00:00
Oliver Glasner,22891,Crystal Palace Manager,23/24 (20/02/2024),30/06/2026,20/02/2024,106,47,29,30,50,1.63 : 1.24,1.60,106 / 1.60,,,https://www.transfermarkt.com/oliver-glasner/profil/trainer/22891,2026-03-13T14:52:31.032242+00:00
Oliver Glasner,22891,Frankfurt Manager,21/22 (01/07/2021),30/06/2023,01/07/2021,97,39,29,29,41,1.56 : 1.45,1.51,97 / 1.51,,,https://www.transfermarkt.com/oliver-glasner/profil/trainer/22891,2026-03-13T14:52:31.032242+00:00
Oliver Glasner,22891,Wolfsburg Manager,19/20 (01/07/2019),30/06/2021,01/07/2019,87,41,22,24,34,1.68 : 1.26,1.67,87 / 1.67,,,https://www.transfermarkt.com/oliver-glasner/profil/trainer/22891,2026-03-13T14:52:31.032242+00:00
Oliver Glasner,22891,LASK Manager,15/16 (01/07/2015),30/06/2019,01/07/2015,161,96,29,36,58,1.99 : 1.14,1.97,161 / 1.97,,,https://www.transfermarkt.com/oliver-glasner/profil/trainer/22891,2026-03-13T14:52:31.032242+00:00
Oliver Glasner,22891,LASK Director of Football,15/16 (01/07/2015),30/06/2019,01/07/2015,-,-,-,-,-,0.00 : 0.00,0.00,-,,,https://www.transfermarkt.com/oliver-glasner/profil/trainer/22891,2026-03-13T14:52:31.032242+00:00
Oliver Glasner,22891,SV Ried Manager,13/14 (01/06/2014),25/05/2015,01/06/2014,37,13,7,17,25,1.41 : 1.46,1.24,37 / 1.24,,,https://www.transfermarkt.com/oliver-glasner/profil/trainer/22891,2026-03-13T14:52:31.032242+00:00
Oliver Glasner,22891,FC Liefering Caretaker Manager,12/13 (02/10/2012),08/10/2012,02/10/2012,1,1,0,0,14,4.00 : 0.00,3.00,1 / 3.00,,,https://www.transfermarkt.com/oliver-glasner/profil/trainer/22891,2026-03-13T14:52:31.032242+00:00
Oliver Glasner,22891,Salzburg Assistant Manager,12/13 (09/07/2012),31/05/2014,09/07/2012,-,-,-,-,-,0.00 : 0.00,0.00,-,,Roger Schmidt (99 Games),https://www.transfermarkt.com/oliver-glasner/profil/trainer/22891,2026-03-13T14:52:31.032242+00:00
Oliver Glasner,22891,Salzburg Sports coordinator,11/12 (01/01/2012),08/07/2012,01/01/2012,-,-,-,-,-,0.00 : 0.00,0.00,-,,,https://www.transfermarkt.com/oliver-glasner/profil/trainer/22891,2026-03-13T14:52:31.032242+00:00
Arne Slot,34822,Liverpool Manager,24/25 (01/07/2024),30/06/2027,01/07/2024,100,62,15,23,43,2.08 : 1.18,2.01,100 / 2.01,,,https://www.transfermarkt.com/arne-slot/profil/trainer/34822,2026-03-13T14:52:38.254949+00:00
Arne Slot,34822,Feyenoord Manager,21/22 (01/07/2021),30/06/2024,01/07/2021,148,97,27,24,66,2.34 : 1.05,2.15,148 / 2.15,,,https://www.transfermarkt.com/arne-slot/profil/trainer/34822,2026-03-13T14:52:38.254949+00:00
Arne Slot,34822,AZ Alkmaar Manager,19/20 (01/07/2019),05/12/2020,01/07/2019,58,32,16,10,34,2.03 : 0.90,1.93,58 / 1.93,,,https://www.transfermarkt.com/arne-slot/profil/trainer/34822,2026-03-13T14:52:38.254949+00:00
Arne Slot,34822,AZ Alkmaar Assistant Manager,17/18 (01/07/2017),30/06/2019,01/07/2017,-,-,-,-,-,0.00 : 0.00,0.00,-,,John van den Brom (81 Games),https://www.transfermarkt.com/arne-slot/profil/trainer/34822,2026-03-13T14:52:38.254949+00:00
Arne Slot,34822,SC Cambuur Manager,16/17 (15/10/2016),30/06/2017,15/10/2016,-,-,-,-,-,0.00 : 0.00,0.00,-,,,https://www.transfermarkt.com/arne-slot/profil/trainer/34822,2026-03-13T14:52:38.254949+00:00
Arne Slot,34822,SC Cambuur Assistant Manager,14/15 (01/07/2014),14/10/2016,01/07/2014,-,-,-,-,-,0.00 : 0.00,0.00,-,,"Henk de Jong (61 Games), Rob Maas (11 Games), Marcel Keizer (11 Games), Sipke Hulshoff (1 Game)",https://www.transfermarkt.com/arne-slot/profil/trainer/34822,2026-03-13T14:52:38.254949+00:00
Arne Slot,34822,PEC Youth Manager,13/14 (01/07/2013),30/06/2014,01/07/2013,-,-,-,-,-,0.00 : 0.00,0.00,-,,,https://www.transfermarkt.com/arne-slot/profil/trainer/34822,2026-03-13T14:52:38.254949+00:00
Fabian Hürzeler,48076,Brighton Manager,23/24 (01/07/2024),30/06/2027,01/07/2024,79,33,23,23,48,1.75 : 1.42,1.54,79 / 1.54,,,https://www.transfermarkt.com/fabian-hurzeler/profil/trainer/48076,2026-03-13T14:52:43.111716+00:00
Fabian Hürzeler,48076,St. Pauli Manager,22/23 (22/12/2022),30/06/2024,22/12/2022,55,36,11,8,36,2.00 : 1.05,2.16,55 / 2.16,,,https://www.transfermarkt.com/fabian-hurzeler/profil/trainer/48076,2026-03-13T14:52:43.111716+00:00
Fabian Hürzeler,48076,St. Pauli Caretaker Manager,22/23 (06/12/2022),21/12/2022,06/12/2022,-,-,-,-,-,0.00 : 0.00,0.00,-,,,https://www.transfermarkt.com/fabian-hurzeler/profil/trainer/48076,2026-03-13T14:52:43.111716+00:00
Fabian Hürzeler,48076,St. Pauli Assistant Manager,20/21 (01/08/2020),05/12/2022,01/08/2020,-,-,-,-,-,0.00 : 0.00,0.00,-,,Timo Schultz (92 Games),https://www.transfermarkt.com/fabian-hurzeler/profil/trainer/48076,2026-03-13T14:52:43.111716+00:00
Fabian Hürzeler,48076,Germany U18 Assistant Manager,19/20 (01/07/2019),30/06/2020,01/07/2019,-,-,-,-,-,0.00 : 0.00,0.00,-,,Christian Wörns (2 Games),https://www.transfermarkt.com/fabian-hurzeler/profil/trainer/48076,2026-03-13T14:52:43.111716+00:00
Fabian Hürzeler,48076,Germany U20 Assistant Manager,18/19 (01/07/2018),30/06/2019,01/07/2018,-,-,-,-,-,0.00 : 0.00,0.00,-,,"Meikel Schönweitz (5 Games), Thomas Nörenberg (2 Games)",https://www.transfermarkt.com/fabian-hurzeler/profil/trainer/48076,2026-03-13T14:52:43.111716+00:00
Fabian Hürzeler,48076,FC Pipinsried Player-Coach,16/17 (01/07/2016),30/06/2020,01/07/2016,103,38,28,37,55,1.36 : 1.56,1.38,103 / 1.38,,,https://www.transfermarkt.com/fabian-hurzeler/profil/trainer/48076,2026-03-13T14:52:43.111716+00:00
Régis Le Bris,40910,Sunderland Manager,24/25 (01/07/2024),30/06/2028,01/07/2024,84,35,24,25,55,1.25 : 1.12,1.54,84 / 1.54,,,https://www.transfermarkt.com/regis-le-bris/profil/trainer/40910,2026-03-13T14:52:48.644817+00:00
Régis Le Bris,40910,FC Lorient Manager,22/23 (27/06/2022),30/06/2024,27/06/2022,76,24,18,34,51,1.45 : 1.68,1.18,76 / 1.18,,,https://www.transfermarkt.com/regis-le-bris/profil/trainer/40910,2026-03-13T14:52:48.644817+00:00
Régis Le Bris,40910,Lorient B Manager,15/16 (01/07/2015),26/06/2022,01/07/2015,180,69,63,48,134,1.24 : 0.91,1.50,180 / 1.50,,,https://www.transfermarkt.com/regis-le-bris/profil/trainer/40910,2026-03-13T14:52:48.644817+00:00
Régis Le Bris,40910,FC Lorient Academy Manager,12/13 (01/07/2012),26/06/2022,01/07/2012,-,-,-,-,-,0.00 : 0.00,0.00,-,,,https://www.transfermarkt.com/regis-le-bris/profil/trainer/40910,2026-03-13T14:52:48.644817+00:00
Régis Le Bris,40910,FC Lorient U19 Manager,12/13 (01/07/2012),30/06/2015,01/07/2012,-,-,-,-,-,0.00 : 0.00,0.00,-,,,https://www.transfermarkt.com/regis-le-bris/profil/trainer/40910,2026-03-13T14:52:48.644817+00:00
Régis Le Bris,40910,Stade Rennais Head of Academy Coaching,04/05 (01/07/2004),30/06/2012,01/07/2004,-,-,-,-,-,0.00 : 0.00,0.00,-,,,https://www.transfermarkt.com/regis-le-bris/profil/trainer/40910,2026-03-13T14:52:48.644817+00:00
Régis Le Bris,40910,Wasquehal Head of Academy Coaching,03/04 (01/07/2003),30/06/2004,01/07/2003,-,-,-,-,-,0.00 : 0.00,0.00,-,,,https://www.transfermarkt.com/regis-le-bris/profil/trainer/40910,2026-03-13T14:52:48.644817+00:00
Scott Parker,54455,Burnley Manager,24/25 (05/07/2024),30/06/2027,05/07/2024,83,36,23,24,56,1.37 : 1.04,1.58,83 / 1.58,,,https://www.transfermarkt.com/scott-parker/profil/trainer/54455,2026-03-13T14:52:55.419736+00:00
Scott Parker,54455,Club Brugge Manager,22/23 (31/12/2022),08/03/2023,31/12/2022,12,2,6,4,20,1.08 : 1.75,1.00,12 / 1.00,,,https://www.transfermarkt.com/scott-parker/profil/trainer/54455,2026-03-13T14:52:55.419736+00:00
Scott Parker,54455,Bournemouth Manager,21/22 (01/07/2021),30/08/2022,01/07/2021,55,29,13,13,44,1.65 : 1.24,1.82,55 / 1.82,,,https://www.transfermarkt.com/scott-parker/profil/trainer/54455,2026-03-13T14:52:55.419736+00:00
Scott Parker,54455,Fulham Manager,18/19 (28/02/2019),30/06/2021,28/02/2019,105,37,25,43,53,1.06 : 1.28,1.30,105 / 1.30,,,https://www.transfermarkt.com/scott-parker/profil/trainer/54455,2026-03-13T14:52:55.419736+00:00
Scott Parker,54455,Fulham Assistant Manager,18/19 (04/07/2018),27/02/2019,04/07/2018,-,-,-,-,-,0.00 : 0.00,0.00,-,,"Claudio Ranieri (17 Games), Slavisa Jokanovic (15 Games)",https://www.transfermarkt.com/scott-parker/profil/trainer/54455,2026-03-13T14:52:55.419736+00:00
Scott Parker,54455,Spurs U18 Manager,17/18 (01/07/2017),30/06/2018,01/07/2017,25,12,4,9,32,2.64 : 1.64,1.60,25 / 1.60,,,https://www.transfermarkt.com/scott-parker/profil/trainer/54455,2026-03-13T14:52:55.419736+00:00
David Moyes,450,Everton Manager,24/25 (11/01/2025),-,11/01/2025,52,21,14,17,34,1.23 : 1.15,1.48,52 / 1.48,,,https://www.transfermarkt.com/david-moyes/profil/trainer/450,2026-03-13T14:53:00.939216+00:00
David Moyes,450,West Ham Manager,19/20 (29/12/2019),30/06/2024,29/12/2019,230,103,43,84,68,1.59 : 1.39,1.53,230 / 1.53,,,https://www.transfermarkt.com/david-moyes/profil/trainer/450,2026-03-13T14:53:00.939216+00:00
David Moyes,450,West Ham Manager,17/18 (07/11/2017),16/05/2018,07/11/2017,31,9,10,12,30,1.23 : 1.55,1.19,31 / 1.19,,,https://www.transfermarkt.com/david-moyes/profil/trainer/450,2026-03-13T14:53:00.939216+00:00
David Moyes,450,Sunderland Manager,16/17 (23/07/2016),22/05/2017,23/07/2016,43,8,7,28,32,0.74 : 1.70,0.72,43 / 0.72,,,https://www.transfermarkt.com/david-moyes/profil/trainer/450,2026-03-13T14:53:00.939216+00:00
David Moyes,450,Real Sociedad Manager,14/15 (10/11/2014),09/11/2015,10/11/2014,42,12,15,15,34,1.14 : 1.24,1.21,42 / 1.21,,,https://www.transfermarkt.com/david-moyes/profil/trainer/450,2026-03-13T14:53:00.939216+00:00
David Moyes,450,UEFA Match Analyst,13/14 (01/05/2014),10/07/2016,01/05/2014,-,-,-,-,-,0.00 : 0.00,0.00,-,,,https://www.transfermarkt.com/david-moyes/profil/trainer/450,2026-03-13T14:53:00.939216+00:00
David Moyes,450,Man Utd Manager,13/14 (01/07/2013),22/04/2014,01/07/2013,51,26,10,15,28,1.71 : 1.10,1.73,51 / 1.73,,,https://www.transfermarkt.com/david-moyes/profil/trainer/450,2026-03-13T14:53:00.939216+00:00
David Moyes,450,Everton Manager,01/02 (14/03/2002),30/06/2013,14/03/2002,518,221,134,163,106,1.44 : 1.23,1.54,518 / 1.54,,,https://www.transfermarkt.com/david-moyes/profil/trainer/450,2026-03-13T14:53:00.939216+00:00
David Moyes,450,Preston Manager,97/98 (12/01/1998),13/03/2002,12/01/1998,218,107,54,57,60,1.53 : 1.13,1.72,218 / 1.72,,,https://www.transfermarkt.com/david-moyes/profil/trainer/450,2026-03-13T14:53:00.939216+00:00
Keith Andrews,68347,Brentford Manager,25/26 (01/07/2025),30/06/2032,01/07/2025,36,18,5,13,29,1.78 : 1.44,1.64,36 / 1.64,,,https://www.transfermarkt.com/keith-andrews/profil/trainer/68347,2026-03-13T14:53:10.143992+00:00
Keith Andrews,68347,Brentford Technical Coach,24/25 (15/07/2024),30/06/2025,15/07/2024,-,-,-,-,-,0.00 : 0.00,0.00,-,,,https://www.transfermarkt.com/keith-andrews/profil/trainer/68347,2026-03-13T14:53:10.143992+00:00
Keith Andrews,68347,Sheff Utd Assistant Manager,23/24 (05/12/2023),14/07/2024,05/12/2023,-,-,-,-,-,0.00 : 0.00,0.00,-,,Chris Wilder (26 Games),https://www.transfermarkt.com/keith-andrews/profil/trainer/68347,2026-03-13T14:53:10.143992+00:00
Keith Andrews,68347,Ireland Assistant Manager,19/20 (04/04/2020),22/11/2023,04/04/2020,-,-,-,-,-,0.00 : 0.00,0.00,-,,Stephen Kenny (40 Games),https://www.transfermarkt.com/keith-andrews/profil/trainer/68347,2026-03-13T14:53:10.143992+00:00
Keith Andrews,68347,Ireland U21 Assistant Manager,18/19 (24/01/2019),04/04/2020,24/01/2019,-,-,-,-,-,0.00 : 0.00,0.00,-,,Stephen Kenny (12 Games),https://www.transfermarkt.com/keith-andrews/profil/trainer/68347,2026-03-13T14:53:10.143992+00:00
Keith Andrews,68347,MK Dons Assistant Manager,15/16 (04/08/2015),16/05/2016,04/08/2015,-,-,-,-,-,0.00 : 0.00,0.00,-,,Karl Robinson (52 Games),https://www.transfermarkt.com/keith-andrews/profil/trainer/68347,2026-03-13T14:53:10.143992+00:00
Nuno Espírito Santo,16520,West Ham Manager,25/26 (27/09/2025),30/06/2028,27/09/2025,27,9,7,11,32,1.48 : 1.74,1.26,27 / 1.26,,,https://www.transfermarkt.com/nuno-espirito-santo/profil/trainer/16520,2026-03-13T14:53:16.898176+00:00
Nuno Espírito Santo,16520,Nott'm Forest Manager,23/24 (20/12/2023),09/09/2025,20/12/2023,71,30,15,26,46,1.73 : 1.63,1.48,71 / 1.48,,,https://www.transfermarkt.com/nuno-espirito-santo/profil/trainer/16520,2026-03-13T14:53:16.898176+00:00
Nuno Espírito Santo,16520,Al-Ittihad Manager,22/23 (04/07/2022),07/11/2023,04/07/2022,53,37,9,7,36,2.15 : 0.79,2.26,53 / 2.26,,,https://www.transfermarkt.com/nuno-espirito-santo/profil/trainer/16520,2026-03-13T14:53:16.898176+00:00
Nuno Espírito Santo,16520,Tottenham Manager,21/22 (01/07/2021),01/11/2021,01/07/2021,17,9,1,7,30,1.47 : 1.47,1.65,17 / 1.65,,,https://www.transfermarkt.com/nuno-espirito-santo/profil/trainer/16520,2026-03-13T14:53:16.898176+00:00
Nuno Espírito Santo,16520,Wolves Manager,17/18 (01/07/2017),30/06/2021,01/07/2017,199,96,46,57,66,1.42 : 1.10,1.68,199 / 1.68,,,https://www.transfermarkt.com/nuno-espirito-santo/profil/trainer/16520,2026-03-13T14:53:16.898176+00:00
Nuno Espírito Santo,16520,Porto Manager,16/17 (01/07/2016),30/06/2017,01/07/2016,49,27,15,7,29,1.84 : 0.63,1.96,49 / 1.96,,,https://www.transfermarkt.com/nuno-espirito-santo/profil/trainer/16520,2026-03-13T14:53:16.898176+00:00
Nuno Espírito Santo,16520,Valencia Manager,14/15 (01/07/2014),29/11/2015,01/07/2014,62,32,16,14,32,1.68 : 0.97,1.81,62 / 1.81,,,https://www.transfermarkt.com/nuno-espirito-santo/profil/trainer/16520,2026-03-13T14:53:16.898176+00:00
Nuno Espírito Santo,16520,Rio Ave Manager,12/13 (01/07/2012),30/06/2014,01/07/2012,80,32,17,31,46,1.09 : 1.21,1.41,80 / 1.41,,,https://www.transfermarkt.com/nuno-espirito-santo/profil/trainer/16520,2026-03-13T14:53:16.898176+00:00
Nuno Espírito Santo,16520,Panathinaikos Goalkeeping Coach,10/11 (21/11/2010),30/06/2012,21/11/2010,-,-,-,-,-,0.00 : 0.00,0.00,-,,,https://www.transfermarkt.com/nuno-espirito-santo/profil/trainer/16520,2026-03-13T14:53:16.898176+00:00
Nuno Espírito Santo,16520,Málaga CF Goalkeeping Coach,10/11 (01/07/2010),02/11/2010,01/07/2010,-,-,-,-,-,0.00 : 0.00,0.00,-,,,https://www.transfermarkt.com/nuno-espirito-santo/profil/trainer/16520,2026-03-13T14:53:16.898176+00:00
Rob Edwards,49800,Wolves Manager,25/26 (12/11/2025),30/06/2029,12/11/2025,22,5,5,12,28,1.05 : 1.41,0.91,22 / 0.91,,,https://www.transfermarkt.com/rob-edwards/profil/trainer/49800,2026-03-13T14:53:23.005961+00:00
Rob Edwards,49800,Middlesbrough Manager,25/26 (01/07/2025),11/11/2025,01/07/2025,16,8,5,3,28,1.19 : 1.06,1.81,16 / 1.81,,,https://www.transfermarkt.com/rob-edwards/profil/trainer/49800,2026-03-13T14:53:23.005961+00:00
Rob Edwards,49800,Luton Manager,22/23 (17/11/2022),09/01/2025,17/11/2022,103,33,23,47,51,1.35 : 1.72,1.18,103 / 1.18,,,https://www.transfermarkt.com/rob-edwards/profil/trainer/49800,2026-03-13T14:53:23.005961+00:00
Rob Edwards,49800,Watford Manager,22/23 (01/07/2022),26/09/2022,01/07/2022,11,3,5,3,26,1.00 : 1.18,1.27,11 / 1.27,,,https://www.transfermarkt.com/rob-edwards/profil/trainer/49800,2026-03-13T14:53:23.005961+00:00
Rob Edwards,49800,Forest Green Manager,20/21 (27/05/2021),11/05/2022,27/05/2021,53,26,15,12,26,1.89 : 1.36,1.75,53 / 1.75,,,https://www.transfermarkt.com/rob-edwards/profil/trainer/49800,2026-03-13T14:53:23.005961+00:00
Rob Edwards,49800,England U16 Manager,20/21 (24/09/2020),26/05/2021,24/09/2020,1,0,0,1,22,2.00 : 3.00,0.00,1 / 0.00,,,https://www.transfermarkt.com/rob-edwards/profil/trainer/49800,2026-03-13T14:53:23.005961+00:00
Rob Edwards,49800,Wolves U23 Manager,18/19 (01/07/2018),02/10/2019,01/07/2018,34,18,6,10,41,2.15 : 1.53,1.76,34 / 1.76,,,https://www.transfermarkt.com/rob-edwards/profil/trainer/49800,2026-03-13T14:53:23.005961+00:00
Rob Edwards,49800,Telford Utd Manager,17/18 (01/07/2017),04/05/2018,01/07/2017,42,16,5,21,37,1.31 : 1.64,1.26,42 / 1.26,,,https://www.transfermarkt.com/rob-edwards/profil/trainer/49800,2026-03-13T14:53:23.005961+00:00
Rob Edwards,49800,Wolves Caretaker Manager,16/17 (25/10/2016),04/11/2016,25/10/2016,1,0,1,0,14,1.00 : 1.00,1.00,1 / 1.00,,,https://www.transfermarkt.com/rob-edwards/profil/trainer/49800,2026-03-13T14:53:23.005961+00:00
Rob Edwards,49800,Wolves Assistant Manager,15/16 (01/07/2015),30/06/2017,01/07/2015,-,-,-,-,-,0.00 : 0.00,0.00,-,,"Kenny Jackett (50 Games), Paul Lambert (33 Games), Walter Zenga (17 Games)",https://www.transfermarkt.com/rob-edwards/profil/trainer/49800,2026-03-13T14:53:23.005961+00:00
Rob Edwards,49800,Wolves U18 Manager,14/15 (01/07/2014),30/06/2015,01/07/2014,-,-,-,-,-,0.00 : 0.00,0.00,-,,,https://www.transfermarkt.com/rob-edwards/profil/trainer/49800,2026-03-13T14:53:23.005961+00:00
Liam Rosenior,62134,Chelsea Manager,25/26 (08/01/2026),30/06/2032,08/01/2026,16,10,2,4,28,2.50 : 1.50,2.00,16 / 2.00,,,https://www.transfermarkt.com/liam-rosenior/profil/trainer/62134,2026-03-13T14:53:29.477744+00:00
Liam Rosenior,62134,R. Strasbourg Manager,24/25 (25/07/2024),07/01/2026,25/07/2024,63,32,14,17,47,1.73 : 1.29,1.75,63 / 1.75,,,https://www.transfermarkt.com/liam-rosenior/profil/trainer/62134,2026-03-13T14:53:29.477744+00:00
Liam Rosenior,62134,Hull City Manager,22/23 (03/11/2022),30/06/2024,03/11/2022,78,27,28,23,51,1.29 : 1.19,1.40,78 / 1.40,,,https://www.transfermarkt.com/liam-rosenior/profil/trainer/62134,2026-03-13T14:53:29.477744+00:00
Liam Rosenior,62134,Derby Caretaker Manager,22/23 (01/07/2022),21/09/2022,01/07/2022,12,7,2,3,24,1.25 : 0.92,1.92,12 / 1.92,,,https://www.transfermarkt.com/liam-rosenior/profil/trainer/62134,2026-03-13T14:53:29.477744+00:00
Liam Rosenior,62134,Derby Assistant Manager,20/21 (15/01/2021),27/09/2022,15/01/2021,-,-,-,-,-,0.00 : 0.00,0.00,-,,Wayne Rooney (73 Games),https://www.transfermarkt.com/liam-rosenior/profil/trainer/62134,2026-03-13T14:53:29.477744+00:00
Liam Rosenior,62134,Derby Individual Coach,19/20 (10/07/2019),14/01/2021,10/07/2019,-,-,-,-,-,0.00 : 0.00,0.00,-,,,https://www.transfermarkt.com/liam-rosenior/profil/trainer/62134,2026-03-13T14:53:29.477744+00:00
Liam Rosenior,62134,Brighton U23 Assistant Manager,18/19 (01/08/2018),09/07/2019,01/08/2018,-,-,-,-,-,0.00 : 0.00,0.00,-,,Simon Rusk (27 Games),https://www.transfermarkt.com/liam-rosenior/profil/trainer/62134,2026-03-13T14:53:29.477744+00:00
Michael Carrick,65647,Man Utd Caretaker Manager,25/26 (13/01/2026),30/06/2026,13/01/2026,8,6,1,1,21,1.88 : 1.00,2.38,8 / 2.38,,,https://www.transfermarkt.com/michael-carrick/profil/trainer/65647,2026-03-13T14:53:40.916322+00:00
Michael Carrick,65647,Middlesbrough Manager,22/23 (25/10/2022),04/06/2025,25/10/2022,136,63,24,49,64,1.62 : 1.30,1.57,136 / 1.57,,,https://www.transfermarkt.com/michael-carrick/profil/trainer/65647,2026-03-13T14:53:40.916322+00:00
Michael Carrick,65647,Man Utd Caretaker Manager,21/22 (21/11/2021),03/12/2021,21/11/2021,3,2,1,0,18,2.00 : 1.00,2.33,3 / 2.33,,,https://www.transfermarkt.com/michael-carrick/profil/trainer/65647,2026-03-13T14:53:40.916322+00:00
Michael Carrick,65647,Man Utd Assistant Manager,18/19 (01/07/2018),20/11/2021,01/07/2018,-,-,-,-,-,0.00 : 0.00,0.00,-,,"Ole Gunnar Solskjaer (168 Games), José Mourinho (24 Games)",https://www.transfermarkt.com/michael-carrick/profil/trainer/65647,2026-03-13T14:53:40.916322+00:00
Igor Tudor,28632,Tottenham Manager,25/26 (14/02/2026),30/06/2026,14/02/2026,4,0,0,4,19,1.25 : 3.50,0.00,4 / 0.00,,,https://www.transfermarkt.com/igor-tudor/profil/trainer/28632,2026-03-13T14:54:07.716588+00:00
Igor Tudor,28632,Juventus Manager,24/25 (23/03/2025),27/10/2025,23/03/2025,24,10,8,6,30,1.63 : 1.21,1.58,24 / 1.58,,,https://www.transfermarkt.com/igor-tudor/profil/trainer/28632,2026-03-13T14:54:07.716588+00:00
Igor Tudor,28632,Lazio Manager,23/24 (18/03/2024),05/06/2024,18/03/2024,11,6,3,2,22,1.36 : 0.82,1.91,11 / 1.91,,,https://www.transfermarkt.com/igor-tudor/profil/trainer/28632,2026-03-13T14:54:07.716588+00:00
Igor Tudor,28632,Marseille Manager,22/23 (04/07/2022),30/06/2023,04/07/2022,48,27,7,14,31,1.83 : 1.21,1.83,48 / 1.83,,,https://www.transfermarkt.com/igor-tudor/profil/trainer/28632,2026-03-13T14:54:07.716588+00:00
Igor Tudor,28632,Hellas Verona Manager,21/22 (14/09/2021),28/05/2022,14/09/2021,36,14,11,11,32,1.81 : 1.56,1.47,36 / 1.47,,,https://www.transfermarkt.com/igor-tudor/profil/trainer/28632,2026-03-13T14:54:07.716588+00:00
Igor Tudor,28632,Juventus Assistant Manager,20/21 (23/08/2020),28/05/2021,23/08/2020,-,-,-,-,-,0.00 : 0.00,0.00,-,,Andrea Pirlo (52 Games),https://www.transfermarkt.com/igor-tudor/profil/trainer/28632,2026-03-13T14:54:07.716588+00:00
Igor Tudor,28632,Hajduk Split Manager,19/20 (01/01/2020),21/08/2020,01/01/2020,18,9,1,8,25,1.78 : 1.33,1.56,18 / 1.56,,,https://www.transfermarkt.com/igor-tudor/profil/trainer/28632,2026-03-13T14:54:07.716588+00:00
Igor Tudor,28632,Udinese Manager,18/19 (20/03/2019),01/11/2019,20/03/2019,21,8,4,9,31,1.05 : 1.48,1.33,21 / 1.33,,,https://www.transfermarkt.com/igor-tudor/profil/trainer/28632,2026-03-13T14:54:07.716588+00:00
Igor Tudor,28632,Udinese Manager,17/18 (24/04/2018),30/06/2018,24/04/2018,4,2,1,1,19,1.25 : 1.75,1.75,4 / 1.75,,,https://www.transfermarkt.com/igor-tudor/profil/trainer/28632,2026-03-13T14:54:07.716588+00:00
Igor Tudor,28632,Galatasaray Manager,16/17 (15/02/2017),18/12/2017,15/02/2017,34,19,4,11,40,1.97 : 1.38,1.79,34 / 1.79,,,https://www.transfermarkt.com/igor-tudor/profil/trainer/28632,2026-03-13T14:54:07.716588+00:00
Igor Tudor,28632,Karabükspor Manager,16/17 (01/07/2016),14/02/2017,01/07/2016,21,8,3,10,35,1.29 : 1.57,1.29,21 / 1.29,,,https://www.transfermarkt.com/igor-tudor/profil/trainer/28632,2026-03-13T14:54:07.716588+00:00
Igor Tudor,28632,PAOK Manager,15/16 (01/07/2015),09/03/2016,01/07/2015,45,17,17,11,45,1.51 : 1.00,1.51,45 / 1.51,,,https://www.transfermarkt.com/igor-tudor/profil/trainer/28632,2026-03-13T14:54:07.716588+00:00
Igor Tudor,28632,Hajduk Split Manager,12/13 (29/04/2013),04/02/2015,29/04/2013,70,32,18,20,50,1.70 : 1.34,1.63,70 / 1.63,,,https://www.transfermarkt.com/igor-tudor/profil/trainer/28632,2026-03-13T14:54:07.716588+00:00
Igor Tudor,28632,Croatia Assistant Manager,12/13 (30/07/2012),28/04/2013,30/07/2012,-,-,-,-,-,0.00 : 0.00,0.00,-,,Igor Stimac (8 Games),https://www.transfermarkt.com/igor-tudor/profil/trainer/28632,2026-03-13T14:54:07.716588+00:00
Igor Tudor,28632,Hajduk U17 Manager,12/13 (01/07/2012),28/04/2013,01/07/2012,-,-,-,-,-,0.00 : 0.00,0.00,-,,,https://www.transfermarkt.com/igor-tudor/profil/trainer/28632,2026-03-13T14:54:07.716588+00:00
Igor Tudor,28632,Hajduk Yth. Manager,11/12 (17/08/2011),30/06/2012,17/08/2011,-,-,-,-,-,0.00 : 0.00,0.00,-,,,https://www.transfermarkt.com/igor-tudor/profil/trainer/28632,2026-03-13T14:54:07.716588+00:00
Igor Tudor,28632,Hajduk Split Assistant Manager,09/10 (22/08/2009),12/02/2010,22/08/2009,-,-,-,-,-,0.00 : 0.00,0.00,-,,Edoardo Reja (13 Games),https://www.transfermarkt.com/igor-tudor/profil/trainer/28632,2026-03-13T14:54:07.716588+00:00
Vítor Pereira,7571,Nott'm Forest Manager,25/26 (15/02/2026),30/06/2027,15/02/2026,6,1,1,4,22,1.17 : 1.33,0.67,6 / 0.67,,,https://www.transfermarkt.com/vitor-pereira/profil/trainer/7571,2026-03-13T14:54:14.303665+00:00
Vítor Pereira,7571,Wolves Manager,24/25 (19/12/2024),02/11/2025,19/12/2024,38,14,5,19,39,1.42 : 1.68,1.24,38 / 1.24,,,https://www.transfermarkt.com/vitor-pereira/profil/trainer/7571,2026-03-13T14:54:14.303665+00:00
Vítor Pereira,7571,Al-Shabab Manager,23/24 (04/02/2024),18/12/2024,04/02/2024,30,16,4,10,39,1.63 : 0.97,1.73,30 / 1.73,,,https://www.transfermarkt.com/vitor-pereira/profil/trainer/7571,2026-03-13T14:54:14.303665+00:00
Vítor Pereira,7571,Flamengo Manager,22/23 (01/01/2023),10/04/2023,01/01/2023,20,10,2,8,37,2.05 : 1.50,1.60,20 / 1.60,,,https://www.transfermarkt.com/vitor-pereira/profil/trainer/7571,2026-03-13T14:54:14.303665+00:00
Vítor Pereira,7571,Corinthians Manager,21/22 (23/02/2022),31/12/2022,23/02/2022,64,29,17,18,45,1.45 : 1.14,1.63,64 / 1.63,,,https://www.transfermarkt.com/vitor-pereira/profil/trainer/7571,2026-03-13T14:54:14.303665+00:00
Vítor Pereira,7571,Fenerbahçe Manager,21/22 (02/07/2021),20/12/2021,02/07/2021,25,11,7,7,28,1.64 : 1.28,1.60,25 / 1.60,,,https://www.transfermarkt.com/vitor-pereira/profil/trainer/7571,2026-03-13T14:54:14.303665+00:00
Vítor Pereira,7571,SH SIPG Manager,17/18 (12/12/2017),31/12/2020,12/12/2017,117,71,25,21,40,2.11 : 1.15,2.03,117 / 2.03,,,https://www.transfermarkt.com/vitor-pereira/profil/trainer/7571,2026-03-13T14:54:14.303665+00:00
Vítor Pereira,7571,1860 Munich Manager,16/17 (01/01/2017),30/06/2017,01/01/2017,20,6,3,11,25,0.90 : 1.35,1.05,20 / 1.05,,,https://www.transfermarkt.com/vitor-pereira/profil/trainer/7571,2026-03-13T14:54:14.303665+00:00
Vítor Pereira,7571,Fenerbahçe Manager,15/16 (01/07/2015),15/08/2016,01/07/2015,61,37,15,9,41,1.72 : 0.89,2.07,61 / 2.07,,,https://www.transfermarkt.com/vitor-pereira/profil/trainer/7571,2026-03-13T14:54:14.303665+00:00
Vítor Pereira,7571,Olympiacos Manager,14/15 (08/01/2015),30/06/2015,08/01/2015,27,18,6,3,29,2.44 : 0.67,2.22,27 / 2.22,,,https://www.transfermarkt.com/vitor-pereira/profil/trainer/7571,2026-03-13T14:54:14.303665+00:00
Vítor Pereira,7571,Al-Ahli Manager,13/14 (01/07/2013),30/06/2014,01/07/2013,37,19,10,8,33,1.89 : 0.95,1.81,37 / 1.81,,,https://www.transfermarkt.com/vitor-pereira/profil/trainer/7571,2026-03-13T14:54:14.303665+00:00
Vítor Pereira,7571,Porto Manager,11/12 (01/07/2011),30/06/2013,01/07/2011,93,65,16,12,42,2.04 : 0.72,2.27,93 / 2.27,,,https://www.transfermarkt.com/vitor-pereira/profil/trainer/7571,2026-03-13T14:54:14.303665+00:00
Vítor Pereira,7571,Porto Assistant Manager,10/11 (01/07/2010),30/06/2011,01/07/2010,-,-,-,-,-,0.00 : 0.00,0.00,-,,André Villas-Boas (58 Games),https://www.transfermarkt.com/vitor-pereira/profil/trainer/7571,2026-03-13T14:54:14.303665+00:00
Vítor Pereira,7571,Santa Clara Manager,07/08 (01/07/2008),30/06/2010,01/07/2008,71,32,21,18,36,1.49 : 1.08,1.65,71 / 1.65,,,https://www.transfermarkt.com/vitor-pereira/profil/trainer/7571,2026-03-13T14:54:14.303665+00:00
Vítor Pereira,7571,Espinho Manager,05/06 (01/07/2005),19/03/2007,01/07/2005,1,1,0,0,14,1.00 : 0.00,3.00,1 / 3.00,,,https://www.transfermarkt.com/vitor-pereira/profil/trainer/7571,2026-03-13T14:54:14.303665+00:00
Vítor Pereira,7571,Sanjoanense Manager,04/05 (30/11/2004),30/06/2005,30/11/2004,-,-,-,-,-,0.00 : 0.00,0.00,-,,,https://www.transfermarkt.com/vitor-pereira/profil/trainer/7571,2026-03-13T14:54:14.303665+00:00
